ID,Title,Content,Excerpt,Date,"Post Type",Permalink,_av_alb_element_mgr_version,_av_alb_posts_elements_state,_av_el_mgr_version,_avia_builder_shortcode_tree,_avia_sc_parser_state,_aviaLayoutBuilder_active,_aviaLayoutBuilderCleanData,_calender_icon,_ended_event_title,_header,_location_icon,_online_icon,_page_title,_read_more_button_text,_register_button_text,_small_slider_logo_and_text,_small_slider_logo_and_text_0_small_slider_image,_small_slider_logo_and_text_0_small_slider_title,_small_slider_logo_and_text_1_small_slider_image,_small_slider_logo_and_text_1_small_slider_title,_small_slider_logo_and_text_2_small_slider_image,_small_slider_logo_and_text_2_small_slider_title,_small_slider_logo_and_text_3_small_slider_image,_small_slider_logo_and_text_3_small_slider_title,_small_slider_logo_and_text_4_small_slider_image,_small_slider_logo_and_text_4_small_slider_title,_sub_header,_thumbnail_id,_time_icon,_wp_desired_post_slug,_wp_page_template,_wp_trash_meta_status,_wp_trash_meta_time,_yoast_wpseo_content_score,_yoast_wpseo_estimated-reading-time-minutes,calender_icon,ended_event_title,footer,header,header_title_bar,header_transparency,inline_featured_image,layout,location_icon,ocean_center_header_left_menu,ocean_custom_footer_template,ocean_custom_header_template,ocean_disable_breadcrumbs,ocean_disable_heading,ocean_disable_margins,ocean_disable_title,ocean_display_footer_bottom,ocean_display_footer_widgets,ocean_display_header,ocean_display_top_bar,ocean_header_custom_menu,ocean_menu_typo_font_family,ocean_post_layout,ocean_second_sidebar,ocean_sidebar,online_icon,page_title,panels_data,ppma_authors_name,read_more_button_text,register_button_text,sidebar,small_slider_logo_and_text,small_slider_logo_and_text_0_small_slider_image,small_slider_logo_and_text_0_small_slider_title,small_slider_logo_and_text_1_small_slider_image,small_slider_logo_and_text_1_small_slider_title,small_slider_logo_and_text_2_small_slider_image,small_slider_logo_and_text_2_small_slider_title,small_slider_logo_and_text_3_small_slider_image,small_slider_logo_and_text_3_small_slider_title,small_slider_logo_and_text_4_small_slider_image,small_slider_logo_and_text_4_small_slider_title,sub_header,time_icon,um_content_restriction,Folders,Auteurs,"Image URL","Images Filename","Images Path","Images ID","Images Title","Images Caption","Images Description","Images Alt Text","Attachment URL","Attachments Filename","Attachments Path","Attachments ID","Attachments Title","Attachments Caption","Attachments Description","Attachments Alt Text",Status,"Author ID","Author Username","Author Email","Author First Name","Author Last Name",Slug,Format,Template,Parent,"Parent Slug",Order,"Comment Status","Ping Status","Post Modified Date"
1623,Homepage,,,"6 January 2021",page,https://kronos.blvckpixel.com/homepage/,,a:0:{},1.0,a:0:{},check_only,,,,,,,,,,,,,,,,,,,,,,,,,,default,,,,,,,,,,,0,,,,,,,,,,,,,,,,,,,,,,"Smita Mishra",,,,,,,,,,,,,,,,,,,,,,,,,,,,,,,,,,,,publish,87,david,dcourtaigne@teknowlogy.com,David,COURTAIGNE,homepage,,default,0,0,0,closed,closed,"6 January 2021"
1707,Homepage,"[av_section min_height='100' min_height_pc='25' min_height_px='500px' padding='default' custom_margin='0px' custom_margin_sync='true' color='main_color' background='bg_gradient' custom_bg='' background_gradient_color1='#225fa1' background_gradient_color2='#0a2d5b' background_gradient_direction='diagonal_tb' src='' attachment='' attachment_size='' attach='scroll' position='top left' repeat='no-repeat' video='' video_ratio='16:9' overlay_enable='aviaTBoverlay_enable' overlay_opacity='0.1' overlay_color='' overlay_pattern='custom' overlay_custom_pattern='https://aeon.blvckpixel.com/wp-content/uploads/2021/01/teknow-overlay.png' shadow='no-border-styling' bottom_border='no-border-styling' bottom_border_diagonal_color='#333333' bottom_border_diagonal_direction='' bottom_border_style='' custom_arrow_bg='' id='pm-home' custom_class='' aria_label='' av_element_hidden_in_editor='0' av_uid='av-kik47zdk']
[av_textblock size='18' av-medium-font-size='' av-small-font-size='' av-mini-font-size='' font_color='' color='' id='' custom_class='' av_uid='av-kikb6psv' admin_preview_bg='']
<p style=""text-align: center; color: white; margin: revert;"">Comprendre les enjeux, comparer les solutions et partenaires,</p>
<p style=""text-align: center; font-family: 'avenir-black'; font-size: 25px; line-height: 35px; margin: revert;""><strong>disposer de préconisations pour accélérer la prise de décision.</strong></p>
[/av_textblock]

[av_slideshow size='featured' control_layout='av-control-default' conditional_play='' animation='slide' transition_speed='' autoplay='false' interval='5' lazy_loading='disabled' alb_description='' id='' custom_class='' av_uid='av-kjonl8sg']
[av_slide slide_type='image' id='1907' video='https://' mobile_image='' fallback_link='https://' title='<span>Featured Whitepaper</span> Gestion de Crise' video_ratio='16:9' av-medium-font-size-title='' av-small-font-size-title='' av-mini-font-size-title='' av-medium-font-size='' av-small-font-size='' av-mini-font-size='' heading_tag='' heading_class='' link_apply='' link='lightbox' link_target='' av_uid='av-4ed4ij']
Adapter son systèmes d'information à une crise majeure ou une pandèmie

[av_buttonrow alignment='left' button_spacing='5' button_spacing_unit='px' alb_description='' id='pm-doublebutton' custom_class=''slider-custom av_uid='av-kik4xkei' admin_preview_bg='']
[av_buttonrow_item label='prévisualiser cet article
' icon_select='no' icon='4' font='entypo-fontello' link='manually,http://' link_target='' size='large' label_display='' title_attr='' color_options='' color='theme-color' custom_bg='#444444' custom_font='#ffffff' btn_color_bg='theme-color' btn_custom_bg='#444444' btn_color_bg_hover='theme-color-highlight' btn_custom_bg_hover='#444444' btn_color_font='theme-color' btn_custom_font='#ffffff' av_uid='av-672f']
[av_buttonrow_item label='Devenir membre' icon_select='yes-right-icon' icon='ue879' font='entypo-fontello' link='manually,/become-member/' link_target='' size='large' label_display='' title_attr='' color_options='' color='light' custom_bg='#444444' custom_font='#ffffff' btn_color_bg='theme-color' btn_custom_bg='#444444' btn_color_bg_hover='theme-color-highlight' btn_custom_bg_hover='#444444' btn_color_font='theme-color' btn_custom_font='#ffffff' av_uid='av-zt6z']
[/av_buttonrow]
[/av_slide]
[av_slide slide_type='image' id='1907' video='https://' mobile_image='' fallback_link='https://' title='<span>Featured Whitepaper</span> Gestion de Crise' video_ratio='16:9' av-medium-font-size-title='' av-small-font-size-title='' av-mini-font-size-title='' av-medium-font-size='' av-small-font-size='' av-mini-font-size='' heading_tag='' heading_class='' link_apply='' link='lightbox' link_target='' av_uid='av-2zjcln']
Adapter son systèmes d'information à une crise majeure ou une pandèmie

[av_buttonrow alignment='left' button_spacing='5' button_spacing_unit='px' alb_description='' id='pm-doublebutton' custom_class='' av_uid='av-kik4xkei' admin_preview_bg='']
[av_buttonrow_item label='prévisualiser cet article
' icon_select='no' icon='4' font='entypo-fontello' link='manually,http://' link_target='' size='large' label_display='' title_attr='' color_options='' color='theme-color' custom_bg='#444444' custom_font='#ffffff' btn_color_bg='theme-color' btn_custom_bg='#444444' btn_color_bg_hover='theme-color-highlight' btn_custom_bg_hover='#444444' btn_color_font='theme-color' btn_custom_font='#ffffff' av_uid='av-672f']
[av_buttonrow_item label='Devenir membre' icon_select='yes-right-icon' icon='ue879' font='entypo-fontello' link='manually,/become-member/' link_target='' size='large' label_display='' title_attr='' color_options='' color='light' custom_bg='#444444' custom_font='#ffffff' btn_color_bg='theme-color' btn_custom_bg='#444444' btn_color_bg_hover='theme-color-highlight' btn_custom_bg_hover='#444444' btn_color_font='theme-color' btn_custom_font='#ffffff' av_uid='av-zt6z']
[/av_buttonrow]
[/av_slide]
[/av_slideshow]

[av_hr class='invisible' icon_select='yes' icon='ue808' font='entypo-fontello' position='center' shadow='no-shadow' height='50' custom_border='av-border-thin' custom_width='50px' custom_margin_top='30px' custom_margin_bottom='30px' custom_border_color='' custom_icon_color='' id='' custom_class='' av_uid='av-kike9pj3' admin_preview_bg='']
[/av_section]

[av_section min_height='25' min_height_pc='25' min_height_px='500px' padding='no-padding' custom_margin='0px' custom_margin_sync='true' color='main_color' background='bg_color' custom_bg='' background_gradient_color1='' background_gradient_color2='' background_gradient_direction='vertical' src='http://aeon.blvckpixel.com/wp-content/uploads/2021/01/dot-bg1.jpg' attachment='1710' attachment_size='full' attach='scroll' position='top left' repeat='stretch' video='' video_ratio='16:9' overlay_enable='aviaTBoverlay_enable' overlay_opacity='0.6' overlay_color='#ffffff' overlay_pattern='' overlay_custom_pattern='' shadow='no-border-styling' bottom_border='no-border-styling' bottom_border_diagonal_color='#333333' bottom_border_diagonal_direction='' bottom_border_style='' custom_arrow_bg='' id='pm-homesectors' custom_class='' aria_label='' av_element_hidden_in_editor='0' av_uid='av-kik9wpiq']
[av_hr class='invisible' icon_select='yes' icon='ue808' font='entypo-fontello' position='center' shadow='no-shadow' height='50' custom_border='av-border-thin' custom_width='50px' custom_margin_top='30px' custom_margin_bottom='30px' custom_border_color='' custom_icon_color='' id='' custom_class='' av_uid='av-kike9pj3' admin_preview_bg='']

[av_one_full first min_height='' vertical_alignment='' space='' row_boxshadow='' row_boxshadow_color='' row_boxshadow_width='10' custom_margin='' margin='0px' mobile_breaking='' border='' border_color='' radius='0px' padding='0px' column_boxshadow='' column_boxshadow_color='' column_boxshadow_width='10' background='bg_color' background_color='' background_gradient_color1='' background_gradient_color2='' background_gradient_direction='vertical' src='' background_position='top left' background_repeat='no-repeat' highlight='' highlight_size='' animation='' link='' linktarget='' link_hover='' title_attr='' alt_attr='' mobile_display='' id='' custom_class='' aria_label='' av_uid='av-1vwiuz']

[av_textblock size='' av-medium-font-size='' av-small-font-size='' av-mini-font-size='' font_color='' color='' av-small-hide='aviaTBav-small-hide' av-mini-hide='aviaTBav-mini-hide' id='' custom_class='' av_uid='av-kikb6psv' admin_preview_bg='']
<p style=""text-align: center;"">[theta-carousel id='1719']</p>
[/av_textblock]

[av_gallery ids='347,346,345,344,342,475,343,341,340' style='thumbnails' preview_size='portfolio' crop_big_preview_thumbnail='avia-gallery-big-crop-thumb' thumb_size='no scaling' columns='2' imagelink='custom_link' link_dest='' lightbox_text='caption' lazyload='avia_lazyload' html_lazy_loading='disabled' av-desktop-hide='aviaTBav-desktop-hide' av-medium-hide='aviaTBav-medium-hide' alb_description='' id='' custom_class='' av_uid='av-kin42cvl' admin_preview_bg='']

[/av_one_full]
[/av_section]

[av_section min_height='' min_height_pc='25' min_height_px='500px' padding='default' custom_margin='0px' custom_margin_sync='true' color='main_color' background='bg_color' custom_bg='' background_gradient_color1='' background_gradient_color2='' background_gradient_direction='vertical' src='http://aeon.blvckpixel.com/wp-content/uploads/2021/01/myteknow-bg-1.jpg' attachment='1712' attachment_size='full' attach='fixed' position='top left' repeat='stretch' video='' video_ratio='16:9' overlay_opacity='0.5' overlay_color='' overlay_pattern='' overlay_custom_pattern='' shadow='no-border-styling' bottom_border='no-border-styling' bottom_border_diagonal_color='#333333' bottom_border_diagonal_direction='' bottom_border_style='' custom_arrow_bg='' id='pm-services' custom_class='pm-fullwidth' aria_label='' av_element_hidden_in_editor='0' av_uid='av-kikbodn2']

[av_image src='https://aeon.blvckpixel.com/wp-content/uploads/2021/01/white-border-1.png' attachment='2278' attachment_size='full' copyright='' caption='' styling='' align='center' font_size='' overlay_opacity='0.4' overlay_color='#000000' overlay_text_color='#ffffff' animation='no-animation' hover='' appearance='' link='' target='' title_attr='' alt_attr='' lazy_loading='disabled' id='' custom_class='' av_element_hidden_in_editor='0' av_uid='av-kikbo438' admin_preview_bg=''][/av_image]

[av_one_third first min_height='av-equal-height-column' vertical_alignment='av-align-middle' space='' row_boxshadow_color='' row_boxshadow_width='10' margin='0px' margin_sync='true' mobile_breaking='' border='' border_color='' radius='0px' radius_sync='true' padding='0px' padding_sync='true' column_boxshadow_color='' column_boxshadow_width='10' background='bg_color' background_color='' background_gradient_color1='' background_gradient_color2='' background_gradient_direction='vertical' src='' attachment='' attachment_size='' background_position='top left' background_repeat='no-repeat' highlight_size='1.1' animation='left-to-right' link='' linktarget='' link_hover='' title_attr='' alt_attr='' mobile_display='' id='' custom_class='' aria_label='' av_uid='av-kikct0h0']

[av_heading heading='Actualités' tag='h2' link='' link_target='' style='blockquote modern-quote' size='' subheading_active='subheading_above' subheading_size='' margin='' padding='10' icon_padding='10' color='custom-color-heading' custom_font='#ffffff' icon_color='' show_icon='' icon='ue800' font='' icon_size='' custom_class='' id='' admin_preview_bg='' av-desktop-hide='' av-medium-hide='' av-small-hide='' av-mini-hide='' av-medium-font-size-title='' av-small-font-size-title='' av-mini-font-size-title='' av-medium-font-size='' av-small-font-size='' av-mini-font-size='' av-medium-font-size-1='' av-small-font-size-1='' av-mini-font-size-1='']
Rester informé
[/av_heading]

[av_textblock size='' av-medium-font-size='' av-small-font-size='' av-mini-font-size='' font_color='custom' color='rgba(255,255,255,0.6)' id='' custom_class='' av_uid='av-kik4s6u2' admin_preview_bg='']
<div class=""raw_components--panel--3IcXg inspect_panels--inspectionPanel--3Wboz"" tabindex=""-1"">
<div>
<div class=""inspect_panels--copyableRow--2_PiZ inspect_panels--highlightRow--21P9S"">
<div class=""inspect_panels--propertyRowContent--7Y-mu inspect_panels--copyableRow--2_PiZ inspect_panels--highlightRow--21P9S"">
<div class=""inspect_panels--contentProperty--2Z1QI text--fontPos11--RSei3 text--_fontBase--YWDo0 ellipsis--ellipsisAfter8Lines--2rn32 ellipsis--_ellipsisAfterNLines--26JkZ"">Vous venez d'investir dans un véhicule neuf, celui de vos rêves, et vous l'emmenez en voyage à travers le Canada. Vous ne mettez que du gaz dedans et conduisez des visites touristiques et suivez votre nez. Les filtres et les changements d'huile sont ignorés. La voiture tombe en panne au milieu de ce long tronçon de route entre le Manitoba et ...</div>
</div>
</div>
</div>
</div>
[/av_textblock]

[av_hr class='invisible' icon_select='yes' icon='ue808' font='entypo-fontello' position='center' shadow='no-shadow' height='20' custom_border='av-border-thin' custom_width='50px' custom_margin_top='30px' custom_margin_bottom='30px' custom_border_color='' custom_icon_color='' id='' custom_class='' av_uid='av-kikdehhm' admin_preview_bg='']

[av_button label='En savoir plus' icon_select='no' icon='ue800' font='entypo-fontello' link='manually,https://kronos.blvckpixel.com/nouvelles/' link_target='' size='large' position='left' label_display='' title_attr='' color_options='' color='custom' custom_bg='#ffffff' custom_font='#0d3260' btn_color_bg='theme-color' btn_custom_bg='#444444' btn_color_bg_hover='theme-color-highlight' btn_custom_bg_hover='#444444' btn_color_font='theme-color' btn_custom_font='#ffffff' id='' custom_class='' av_uid='av-kikddoen' admin_preview_bg='']

[/av_one_third][av_two_third min_height='' vertical_alignment='av-align-top' space='' row_boxshadow_color='' row_boxshadow_width='10' margin='0px' margin_sync='true' mobile_breaking='' border='' border_color='' radius='0px' radius_sync='true' padding='0' padding_sync='true' column_boxshadow_color='rgba(10,10,10,0.4)' column_boxshadow_width='20' background='bg_color' background_color='' background_gradient_color1='' background_gradient_color2='' background_gradient_direction='vertical' src='' attachment='' attachment_size='' background_position='top left' background_repeat='no-repeat' highlight_size='1.1' animation='' link='' linktarget='' link_hover='' title_attr='' alt_attr='' mobile_display='' id='' custom_class='' aria_label='' av_uid='av-kilew7rd']

[av_masonry_entries post_type='news' link='post_tag,290,282,111,287,283,195,42,43,289,44,106,288,110,109' wc_prod_visible='' wc_prod_hidden='hide' wc_prod_featured='' prod_order_by='' prod_order='' date_filter='' date_filter_start='' date_filter_end='' date_filter_format='yy/mm/dd' sort='no' query_orderby='date' query_order='ASC' caption_elements='title' caption_styling='' caption_display='always' size='fixed' orientation='' gap='large' columns='2' av-medium-columns='' av-small-columns='' av-mini-columns='' items='4' paginate='none' color='' custom_bg='' overlay_fx='active' animation='active' lazy_loading='disabled' id='' custom_class='' av_uid='av-kileifbg']

[/av_two_third][av_hr class='invisible' icon_select='yes' icon='ue808' font='entypo-fontello' position='center' shadow='no-shadow' height='30' custom_border='av-border-thin' custom_width='50px' custom_margin_top='30px' custom_margin_bottom='30px' custom_border_color='' custom_icon_color='' id='' custom_class='' av_uid='av-kilfxt3v' admin_preview_bg='']

[av_two_third first min_height='av-equal-height-column' vertical_alignment='av-align-middle' space='' row_boxshadow_color='' row_boxshadow_width='10' margin='0px' margin_sync='true' mobile_breaking='' border='' border_color='' radius='0px' radius_sync='true' padding='0' padding_sync='true' column_boxshadow_color='rgba(10,10,10,0.4)' column_boxshadow_width='20' background='bg_color' background_color='' background_gradient_color1='' background_gradient_color2='' background_gradient_direction='vertical' src='' attachment='' attachment_size='' background_position='top left' background_repeat='no-repeat' highlight_size='1.1' animation='' link='' linktarget='' link_hover='' title_attr='' alt_attr='' mobile_display='' id='' custom_class='' aria_label='' av_uid='av-kilew7rd']

[av_masonry_entries post_type='event' link='post_tag,290,282,111,287,283,195,42,43,289,44,106,288,110,109' wc_prod_visible='' wc_prod_hidden='hide' wc_prod_featured='' prod_order_by='' prod_order='' date_filter='' date_filter_start='' date_filter_end='' date_filter_format='yy/mm/dd' sort='no' query_orderby='date' query_order='ASC' caption_elements='title' caption_styling='' caption_display='always' size='fixed' orientation='' gap='large' columns='2' av-medium-columns='' av-small-columns='' av-mini-columns='' items='4' paginate='none' color='' custom_bg='' overlay_fx='active' animation='active' lazy_loading='disabled' id='' custom_class='' av_uid='av-kileifbg']

[/av_two_third][av_one_third min_height='av-equal-height-column' vertical_alignment='av-align-middle' space='' row_boxshadow_color='' row_boxshadow_width='10' margin='0px' margin_sync='true' mobile_breaking='' border='' border_color='' radius='0px' radius_sync='true' padding='0px' padding_sync='true' column_boxshadow_color='' column_boxshadow_width='10' background='bg_color' background_color='' background_gradient_color1='' background_gradient_color2='' background_gradient_direction='vertical' src='' attachment='' attachment_size='' background_position='top left' background_repeat='no-repeat' highlight_size='1.1' animation='right-to-left' link='' linktarget='' link_hover='' title_attr='' alt_attr='' mobile_display='' id='' custom_class='' aria_label='' av_uid='av-kikct0h0']

[av_heading heading='Evénements' tag='h2' link='' link_target='' style='blockquote modern-quote' size='' subheading_active='subheading_above' subheading_size='' margin='' padding='10' icon_padding='10' color='custom-color-heading' custom_font='#ffffff' icon_color='' show_icon='' icon='ue800' font='' icon_size='' custom_class='' id='' admin_preview_bg='' av-desktop-hide='' av-medium-hide='' av-small-hide='' av-mini-hide='' av-medium-font-size-title='' av-small-font-size-title='' av-mini-font-size-title='' av-medium-font-size='' av-small-font-size='' av-mini-font-size='' av-medium-font-size-1='' av-small-font-size-1='' av-mini-font-size-1='']
Être impliqué
[/av_heading]

[av_textblock size='' av-medium-font-size='' av-small-font-size='' av-mini-font-size='' font_color='custom' color='rgba(255,255,255,0.6)' id='' custom_class='' av_uid='av-kik4s6u2' admin_preview_bg='']
<div class=""raw_components--panel--3IcXg inspect_panels--inspectionPanel--3Wboz"" tabindex=""-1"">
<div>
<div class=""inspect_panels--copyableRow--2_PiZ inspect_panels--highlightRow--21P9S"">
<div class=""inspect_panels--propertyRowContent--7Y-mu inspect_panels--copyableRow--2_PiZ inspect_panels--highlightRow--21P9S"">
<div class=""inspect_panels--contentProperty--2Z1QI text--fontPos11--RSei3 text--_fontBase--YWDo0 ellipsis--ellipsisAfter8Lines--2rn32 ellipsis--_ellipsisAfterNLines--26JkZ"">Vous venez d'investir dans un véhicule neuf, celui de vos rêves, et vous l'emmenez en voyage à travers le Canada. Vous ne mettez que du gaz dedans et conduisez des visites touristiques et suivez votre nez. Les filtres et les changements d'huile sont ignorés. La voiture tombe en panne au milieu de ce long tronçon de route entre le Manitoba et ...</div>
</div>
</div>
</div>
</div>
[/av_textblock]

[av_hr class='invisible' icon_select='yes' icon='ue808' font='entypo-fontello' position='center' shadow='no-shadow' height='20' custom_border='av-border-thin' custom_width='50px' custom_margin_top='30px' custom_margin_bottom='30px' custom_border_color='' custom_icon_color='' id='' custom_class='' av_uid='av-kikdehhm' admin_preview_bg='']

[av_button label='En savoir plus' icon_select='no' icon='ue800' font='entypo-fontello' link='manually,https://kronos.blvckpixel.com/events/' link_target='' size='large' position='left' label_display='' title_attr='' color_options='' color='custom' custom_bg='#ffffff' custom_font='#0d3260' btn_color_bg='theme-color' btn_custom_bg='#444444' btn_color_bg_hover='theme-color-highlight' btn_custom_bg_hover='#444444' btn_color_font='theme-color' btn_custom_font='#ffffff' id='' custom_class='' av_uid='av-kikddoen' admin_preview_bg='']

[/av_one_third][av_hr class='invisible' icon_select='yes' icon='ue808' font='entypo-fontello' position='center' shadow='no-shadow' height='30' custom_border='av-border-thin' custom_width='50px' custom_margin_top='30px' custom_margin_bottom='30px' custom_border_color='' custom_icon_color='' id='' custom_class='' av_uid='av-kilfxt3v' admin_preview_bg='']

[av_one_third first min_height='av-equal-height-column' vertical_alignment='av-align-middle' space='' row_boxshadow_color='' row_boxshadow_width='10' margin='0px' margin_sync='true' mobile_breaking='' border='' border_color='' radius='0px' radius_sync='true' padding='0px' padding_sync='true' column_boxshadow_color='' column_boxshadow_width='10' background='bg_color' background_color='' background_gradient_color1='' background_gradient_color2='' background_gradient_direction='vertical' src='' attachment='' attachment_size='' background_position='top left' background_repeat='no-repeat' highlight_size='1.1' animation='left-to-right' link='' linktarget='' link_hover='' title_attr='' alt_attr='' mobile_display='' id='' custom_class='' aria_label='' av_uid='av-kikct0h0']

[av_heading heading='Des articles' tag='h2' link='' link_target='' style='blockquote modern-quote' size='' subheading_active='subheading_above' subheading_size='' margin='' padding='10' icon_padding='10' color='custom-color-heading' custom_font='#ffffff' icon_color='' show_icon='' icon='ue800' font='' icon_size='' custom_class='' id='' admin_preview_bg='' av-desktop-hide='' av-medium-hide='' av-small-hide='' av-mini-hide='' av-medium-font-size-title='' av-small-font-size-title='' av-mini-font-size-title='' av-medium-font-size='' av-small-font-size='' av-mini-font-size='' av-medium-font-size-1='' av-small-font-size-1='' av-mini-font-size-1='']
Lire la dernière
[/av_heading]

[av_textblock size='' av-medium-font-size='' av-small-font-size='' av-mini-font-size='' font_color='custom' color='rgba(255,255,255,0.6)' id='' custom_class='' av_uid='av-kik4s6u2' admin_preview_bg='']
<div class=""raw_components--panel--3IcXg inspect_panels--inspectionPanel--3Wboz"" tabindex=""-1"">
<div>
<div class=""inspect_panels--copyableRow--2_PiZ inspect_panels--highlightRow--21P9S"">
<div class=""inspect_panels--propertyRowContent--7Y-mu inspect_panels--copyableRow--2_PiZ inspect_panels--highlightRow--21P9S"">
<div class=""inspect_panels--contentProperty--2Z1QI text--fontPos11--RSei3 text--_fontBase--YWDo0 ellipsis--ellipsisAfter8Lines--2rn32 ellipsis--_ellipsisAfterNLines--26JkZ"">Vous venez d'investir dans un véhicule neuf, celui de vos rêves, et vous l'emmenez en voyage à travers le Canada. Vous ne mettez que du gaz dedans et conduisez des visites touristiques et suivez votre nez. Les filtres et les changements d'huile sont ignorés. La voiture tombe en panne au milieu de ce long tronçon de route entre le Manitoba et ...</div>
</div>
</div>
</div>
</div>
[/av_textblock]

[av_hr class='invisible' icon_select='yes' icon='ue808' font='entypo-fontello' position='center' shadow='no-shadow' height='20' custom_border='av-border-thin' custom_width='50px' custom_margin_top='30px' custom_margin_bottom='30px' custom_border_color='' custom_icon_color='' id='' custom_class='' av_uid='av-kikdehhm' admin_preview_bg='']

[av_button label='En savoir plus' icon_select='no' icon='ue800' font='entypo-fontello' link='manually,https://kronos.blvckpixel.com/articles/' link_target='' size='large' position='left' label_display='' title_attr='' color_options='' color='custom' custom_bg='#ffffff' custom_font='#0d3260' btn_color_bg='theme-color' btn_custom_bg='#444444' btn_color_bg_hover='theme-color-highlight' btn_custom_bg_hover='#444444' btn_color_font='theme-color' btn_custom_font='#ffffff' id='' custom_class='' av_uid='av-kikddoen' admin_preview_bg='']

[/av_one_third][av_two_third min_height='' vertical_alignment='av-align-top' space='' row_boxshadow_color='' row_boxshadow_width='10' margin='0px' margin_sync='true' mobile_breaking='' border='' border_color='' radius='0px' radius_sync='true' padding='0' padding_sync='true' column_boxshadow_color='rgba(10,10,10,0.4)' column_boxshadow_width='20' background='bg_color' background_color='' background_gradient_color1='' background_gradient_color2='' background_gradient_direction='vertical' src='' attachment='' attachment_size='' background_position='top left' background_repeat='no-repeat' highlight_size='1.1' animation='' link='' linktarget='' link_hover='' title_attr='' alt_attr='' mobile_display='' id='' custom_class='' aria_label='' av_uid='av-kilew7rd']

[av_masonry_entries post_type='article' link='post_tag,290,282,111,287,283,195,42,43,289,44,106,288,110,109' wc_prod_visible='' wc_prod_hidden='hide' wc_prod_featured='' prod_order_by='' prod_order='' date_filter='' date_filter_start='' date_filter_end='' date_filter_format='yy/mm/dd' sort='no' query_orderby='date' query_order='ASC' caption_elements='title' caption_styling='' caption_display='always' size='fixed' orientation='' gap='large' columns='2' av-medium-columns='' av-small-columns='' av-mini-columns='' items='4' paginate='none' color='' custom_bg='' overlay_fx='active' animation='active' lazy_loading='disabled' id='' custom_class='' av_uid='av-kileifbg']

[/av_two_third][/av_section][av_section min_height='' min_height_pc='25' min_height_px='500px' padding='large' custom_margin='0px' custom_margin_sync='true' color='main_color' background='bg_color' custom_bg='' background_gradient_color1='' background_gradient_color2='' background_gradient_direction='vertical' src='http://13.58.129.79/wp-content/uploads/2020/12/dot-bg2.jpg' attachment='488' attachment_size='full' attach='scroll' position='top right' repeat='stretch' video='' video_ratio='16:9' overlay_enable='aviaTBoverlay_enable' overlay_opacity='0.6' overlay_color='#ffffff' overlay_pattern='' overlay_custom_pattern='' shadow='no-border-styling' bottom_border='no-border-styling' bottom_border_diagonal_color='#333333' bottom_border_diagonal_direction='' bottom_border_style='' custom_arrow_bg='' id='pm-about' custom_class='' aria_label='' av_element_hidden_in_editor='0' av_uid='av-kilh4h4d']
[av_one_fifth first min_height='' vertical_alignment='av-align-top' space='' row_boxshadow_color='' row_boxshadow_width='10' margin='0px' margin_sync='true' mobile_breaking='' border='' border_color='' radius='0px' radius_sync='true' padding='0px' padding_sync='true' column_boxshadow_color='' column_boxshadow_width='10' background='bg_color' background_color='' background_gradient_color1='' background_gradient_color2='' background_gradient_direction='vertical' src='' attachment='' attachment_size='' background_position='top left' background_repeat='no-repeat' highlight_size='1.1' animation='right-to-left' link='' linktarget='' link_hover='' title_attr='' alt_attr='' mobile_display='av-hide-on-mobile' id='' custom_class='' aria_label='' av_uid='av-kilkwlxs']

[/av_one_fifth][av_three_fifth min_height='av-equal-height-column' vertical_alignment='av-align-middle' space='' row_boxshadow_color='' row_boxshadow_width='10' margin='0px' margin_sync='true' mobile_breaking='' border='' border_color='' radius='0px' radius_sync='true' padding='0px' padding_sync='true' column_boxshadow_color='' column_boxshadow_width='10' background='bg_color' background_color='' background_gradient_color1='' background_gradient_color2='' background_gradient_direction='vertical' src='' attachment='' attachment_size='' background_position='top left' background_repeat='no-repeat' highlight_size='1.1' animation='fade-in' link='' linktarget='' link_hover='' title_attr='' alt_attr='' mobile_display='' id='' custom_class='' aria_label='' av_uid='av-kilh6ce2']

[av_heading heading='Qu’est-ce que Myteknow?' tag='h2' style='blockquote modern-quote modern-centered' subheading_active='subheading_above' show_icon='' icon='ue800' font='' size='' av-medium-font-size-title='' av-small-font-size-title='' av-mini-font-size-title='' subheading_size='' av-medium-font-size='' av-small-font-size='' av-mini-font-size='' icon_size='' av-medium-font-size-1='' av-small-font-size-1='' av-mini-font-size-1='' color='' custom_font='' icon_color='' margin='' margin_sync='true' padding='10' icon_padding='10' link='' link_target='' id='' custom_class='' av_uid='av-kjskj3mz' admin_preview_bg='']
Découvrez comment nous pouvons vous aider
[/av_heading]

[av_textblock size='' av-medium-font-size='' av-small-font-size='' av-mini-font-size='' font_color='' color='' id='' custom_class='' av_uid='av-kilh3zf6' admin_preview_bg='']
<p style=""text-align: center;"">Lorem ipsum dolor sit amet, consectetur adipiscing elit. Etiam gravida malesuada ullamcorper. Cras et elit imperdiet, semper purus eu, ullamcorper ipsum. Duis at risus et velit tincidunt efficitur in ac neque.</p>
[/av_textblock]

[av_button label='En savoir plus sur qui nous sommes' icon_select='no' icon='ue800' font='entypo-fontello' link='manually,http://' link_target='' size='large' position='center' label_display='' title_attr='' color_options='' color='custom' custom_bg='#003e7d' custom_font='#ffffff' btn_color_bg='theme-color' btn_custom_bg='#444444' btn_color_bg_hover='theme-color-highlight' btn_custom_bg_hover='#444444' btn_color_font='theme-color' btn_custom_font='#ffffff' id='' custom_class='' av_uid='av-kim57lcr' admin_preview_bg='']

[/av_three_fifth][av_one_fifth min_height='' vertical_alignment='av-align-top' space='' row_boxshadow_color='' row_boxshadow_width='10' margin='0px' margin_sync='true' mobile_breaking='' border='' border_color='' radius='0px' radius_sync='true' padding='0px' padding_sync='true' column_boxshadow_color='' column_boxshadow_width='10' background='bg_color' background_color='' background_gradient_color1='' background_gradient_color2='' background_gradient_direction='vertical' src='' attachment='' attachment_size='' background_position='top left' background_repeat='no-repeat' highlight_size='1.1' animation='right-to-left' link='' linktarget='' link_hover='' title_attr='' alt_attr='' mobile_display='av-hide-on-mobile' id='' custom_class='' aria_label='' av_uid='av-kilkwlxs']

[/av_one_fifth][av_hr class='invisible' icon_select='yes' icon='ue808' font='entypo-fontello' position='center' shadow='no-shadow' height='30' custom_border='av-border-thin' custom_width='50px' custom_margin_top='30px' custom_margin_bottom='30px' custom_border_color='' custom_icon_color='' id='' custom_class='' av_uid='av-kilh8lon' admin_preview_bg='']

[av_partner heading='' type='grid' navigation='arrows' size='no scaling' img_size_behave='' border='av-border-deactivate' columns='6' heading_tag='' heading_class='' animation='slide' autoplay='false' interval='5' lazy_loading='disabled' el_id='' custom_class='' av_uid='av-kikbivbt']
[av_partner_logo id='1736' hover='' link='' linktitle='' link_target='' av_uid='av-b84v17']
[av_partner_logo id='1738' hover='' link='' linktitle='' link_target='' av_uid='av-8q7z97']
[av_partner_logo id='1739' hover='' link='' linktitle='' link_target='' av_uid='av-6uc4uz']
[av_partner_logo id='1740' hover='' link='' linktitle='' link_target='' av_uid='av-62a6u3']
[av_partner_logo id='1742' hover='' link='' linktitle='' link_target='' av_uid='av-3z82ln']
[av_partner_logo id='1743' hover='' link='' linktitle='' link_target='' av_uid='av-23sawr']
[/av_partner]
[/av_section]

",,"6 January 2021",page,https://kronos.blvckpixel.com/,,"a:19:{s:12:""av_buttonrow"";b:1;s:9:""av_button"";b:1;s:10:""av_gallery"";b:1;s:10:""av_heading"";b:1;s:5:""av_hr"";b:1;s:8:""av_image"";b:1;s:10:""av_partner"";b:1;s:18:""av_masonry_entries"";b:1;s:12:""av_slideshow"";b:1;s:11:""av_one_full"";b:1;s:12:""av_one_third"";b:1;s:12:""av_two_third"";b:1;s:12:""av_one_fifth"";b:1;s:14:""av_three_fifth"";b:1;s:10:""av_section"";b:1;s:12:""av_textblock"";b:1;s:17:""av_buttonrow_item"";b:1;s:15:""av_partner_logo"";b:1;s:8:""av_slide"";b:1;}",1.0,"a:4:{i:0;a:3:{s:3:""tag"";s:10:""av_section"";s:7:""content"";a:3:{i:0;a:3:{s:3:""tag"";s:12:""av_textblock"";s:7:""content"";a:0:{}s:5:""index"";i:1;}i:1;a:3:{s:3:""tag"";s:12:""av_slideshow"";s:7:""content"";a:2:{i:0;a:3:{s:3:""tag"";s:12:""av_buttonrow"";s:7:""content"";a:0:{}s:5:""index"";i:3;}i:1;a:3:{s:3:""tag"";s:12:""av_buttonrow"";s:7:""content"";a:0:{}s:5:""index"";i:4;}}s:5:""index"";i:2;}i:2;a:3:{s:3:""tag"";s:5:""av_hr"";s:7:""content"";a:0:{}s:5:""index"";i:5;}}s:5:""index"";i:0;}i:1;a:3:{s:3:""tag"";s:10:""av_section"";s:7:""content"";a:2:{i:0;a:3:{s:3:""tag"";s:5:""av_hr"";s:7:""content"";a:0:{}s:5:""index"";i:7;}i:1;a:3:{s:3:""tag"";s:11:""av_one_full"";s:7:""content"";a:2:{i:0;a:3:{s:3:""tag"";s:12:""av_textblock"";s:7:""content"";a:0:{}s:5:""index"";i:9;}i:1;a:3:{s:3:""tag"";s:10:""av_gallery"";s:7:""content"";a:0:{}s:5:""index"";i:10;}}s:5:""index"";i:8;}}s:5:""index"";i:6;}i:2;a:3:{s:3:""tag"";s:10:""av_section"";s:7:""content"";a:9:{i:0;a:3:{s:3:""tag"";s:8:""av_image"";s:7:""content"";a:0:{}s:5:""index"";i:12;}i:1;a:3:{s:3:""tag"";s:12:""av_one_third"";s:7:""content"";a:4:{i:0;a:3:{s:3:""tag"";s:10:""av_heading"";s:7:""content"";a:0:{}s:5:""index"";i:14;}i:1;a:3:{s:3:""tag"";s:12:""av_textblock"";s:7:""content"";a:0:{}s:5:""index"";i:15;}i:2;a:3:{s:3:""tag"";s:5:""av_hr"";s:7:""content"";a:0:{}s:5:""index"";i:16;}i:3;a:3:{s:3:""tag"";s:9:""av_button"";s:7:""content"";a:0:{}s:5:""index"";i:17;}}s:5:""index"";i:13;}i:2;a:3:{s:3:""tag"";s:12:""av_two_third"";s:7:""content"";a:1:{i:0;a:3:{s:3:""tag"";s:18:""av_masonry_entries"";s:7:""content"";a:0:{}s:5:""index"";i:19;}}s:5:""index"";i:18;}i:3;a:3:{s:3:""tag"";s:5:""av_hr"";s:7:""content"";a:0:{}s:5:""index"";i:20;}i:4;a:3:{s:3:""tag"";s:12:""av_two_third"";s:7:""content"";a:1:{i:0;a:3:{s:3:""tag"";s:18:""av_masonry_entries"";s:7:""content"";a:0:{}s:5:""index"";i:22;}}s:5:""index"";i:21;}i:5;a:3:{s:3:""tag"";s:12:""av_one_third"";s:7:""content"";a:4:{i:0;a:3:{s:3:""tag"";s:10:""av_heading"";s:7:""content"";a:0:{}s:5:""index"";i:24;}i:1;a:3:{s:3:""tag"";s:12:""av_textblock"";s:7:""content"";a:0:{}s:5:""index"";i:25;}i:2;a:3:{s:3:""tag"";s:5:""av_hr"";s:7:""content"";a:0:{}s:5:""index"";i:26;}i:3;a:3:{s:3:""tag"";s:9:""av_button"";s:7:""content"";a:0:{}s:5:""index"";i:27;}}s:5:""index"";i:23;}i:6;a:3:{s:3:""tag"";s:5:""av_hr"";s:7:""content"";a:0:{}s:5:""index"";i:28;}i:7;a:3:{s:3:""tag"";s:12:""av_one_third"";s:7:""content"";a:4:{i:0;a:3:{s:3:""tag"";s:10:""av_heading"";s:7:""content"";a:0:{}s:5:""index"";i:30;}i:1;a:3:{s:3:""tag"";s:12:""av_textblock"";s:7:""content"";a:0:{}s:5:""index"";i:31;}i:2;a:3:{s:3:""tag"";s:5:""av_hr"";s:7:""content"";a:0:{}s:5:""index"";i:32;}i:3;a:3:{s:3:""tag"";s:9:""av_button"";s:7:""content"";a:0:{}s:5:""index"";i:33;}}s:5:""index"";i:29;}i:8;a:3:{s:3:""tag"";s:12:""av_two_third"";s:7:""content"";a:1:{i:0;a:3:{s:3:""tag"";s:18:""av_masonry_entries"";s:7:""content"";a:0:{}s:5:""index"";i:35;}}s:5:""index"";i:34;}}s:5:""index"";i:11;}i:3;a:3:{s:3:""tag"";s:10:""av_section"";s:7:""content"";a:5:{i:0;a:3:{s:3:""tag"";s:12:""av_one_fifth"";s:7:""content"";a:0:{}s:5:""index"";i:37;}i:1;a:3:{s:3:""tag"";s:14:""av_three_fifth"";s:7:""content"";a:3:{i:0;a:3:{s:3:""tag"";s:10:""av_heading"";s:7:""content"";a:0:{}s:5:""index"";i:39;}i:1;a:3:{s:3:""tag"";s:12:""av_textblock"";s:7:""content"";a:0:{}s:5:""index"";i:40;}i:2;a:3:{s:3:""tag"";s:9:""av_button"";s:7:""content"";a:0:{}s:5:""index"";i:41;}}s:5:""index"";i:38;}i:2;a:3:{s:3:""tag"";s:12:""av_one_fifth"";s:7:""content"";a:0:{}s:5:""index"";i:42;}i:3;a:3:{s:3:""tag"";s:5:""av_hr"";s:7:""content"";a:0:{}s:5:""index"";i:43;}i:4;a:3:{s:3:""tag"";s:10:""av_partner"";s:7:""content"";a:0:{}s:5:""index"";i:44;}}s:5:""index"";i:36;}}",check_only,active,"[av_section min_height='100' min_height_pc='25' min_height_px='500px' padding='default' custom_margin='0px' custom_margin_sync='true' color='main_color' background='bg_gradient' custom_bg='' background_gradient_color1='#225fa1' background_gradient_color2='#0a2d5b' background_gradient_direction='diagonal_tb' src='' attachment='' attachment_size='' attach='scroll' position='top left' repeat='no-repeat' video='' video_ratio='16:9' overlay_enable='aviaTBoverlay_enable' overlay_opacity='0.1' overlay_color='' overlay_pattern='custom' overlay_custom_pattern='https://aeon.blvckpixel.com/wp-content/uploads/2021/01/teknow-overlay.png' shadow='no-border-styling' bottom_border='no-border-styling' bottom_border_diagonal_color='#333333' bottom_border_diagonal_direction='' bottom_border_style='' custom_arrow_bg='' id='pm-home' custom_class='' aria_label='' av_element_hidden_in_editor='0' av_uid='av-kik47zdk']
[av_textblock size='18' av-medium-font-size='' av-small-font-size='' av-mini-font-size='' font_color='' color='' id='' custom_class='' av_uid='av-kikb6psv' admin_preview_bg='']
<p style=""text-align: center; color: white; margin: revert;"">Comprendre les enjeux, comparer les solutions et partenaires,</p>
<p style=""text-align: center; font-family: 'avenir-black'; font-size: 25px; line-height: 35px; margin: revert;""><strong>disposer de préconisations pour accélérer la prise de décision.</strong></p>
[/av_textblock]

[av_slideshow size='featured' control_layout='av-control-default' conditional_play='' animation='slide' transition_speed='' autoplay='false' interval='5' lazy_loading='disabled' alb_description='' id='' custom_class='' av_uid='av-kjonl8sg']
[av_slide slide_type='image' id='1907' video='https://' mobile_image='' fallback_link='https://' title='<span>Featured Whitepaper</span> Gestion de Crise' video_ratio='16:9' av-medium-font-size-title='' av-small-font-size-title='' av-mini-font-size-title='' av-medium-font-size='' av-small-font-size='' av-mini-font-size='' heading_tag='' heading_class='' link_apply='' link='lightbox' link_target='' av_uid='av-4ed4ij']
Adapter son systèmes d'information à une crise majeure ou une pandèmie

[av_buttonrow alignment='left' button_spacing='5' button_spacing_unit='px' alb_description='' id='pm-doublebutton' custom_class=''slider-custom av_uid='av-kik4xkei' admin_preview_bg='']
[av_buttonrow_item label='prévisualiser cet article
' icon_select='no' icon='4' font='entypo-fontello' link='manually,http://' link_target='' size='large' label_display='' title_attr='' color_options='' color='theme-color' custom_bg='#444444' custom_font='#ffffff' btn_color_bg='theme-color' btn_custom_bg='#444444' btn_color_bg_hover='theme-color-highlight' btn_custom_bg_hover='#444444' btn_color_font='theme-color' btn_custom_font='#ffffff' av_uid='av-672f']
[av_buttonrow_item label='Devenir membre' icon_select='yes-right-icon' icon='ue879' font='entypo-fontello' link='manually,/become-member/' link_target='' size='large' label_display='' title_attr='' color_options='' color='light' custom_bg='#444444' custom_font='#ffffff' btn_color_bg='theme-color' btn_custom_bg='#444444' btn_color_bg_hover='theme-color-highlight' btn_custom_bg_hover='#444444' btn_color_font='theme-color' btn_custom_font='#ffffff' av_uid='av-zt6z']
[/av_buttonrow]
[/av_slide]
[av_slide slide_type='image' id='1907' video='https://' mobile_image='' fallback_link='https://' title='<span>Featured Whitepaper</span> Gestion de Crise' video_ratio='16:9' av-medium-font-size-title='' av-small-font-size-title='' av-mini-font-size-title='' av-medium-font-size='' av-small-font-size='' av-mini-font-size='' heading_tag='' heading_class='' link_apply='' link='lightbox' link_target='' av_uid='av-2zjcln']
Adapter son systèmes d'information à une crise majeure ou une pandèmie

[av_buttonrow alignment='left' button_spacing='5' button_spacing_unit='px' alb_description='' id='pm-doublebutton' custom_class='' av_uid='av-kik4xkei' admin_preview_bg='']
[av_buttonrow_item label='prévisualiser cet article
' icon_select='no' icon='4' font='entypo-fontello' link='manually,http://' link_target='' size='large' label_display='' title_attr='' color_options='' color='theme-color' custom_bg='#444444' custom_font='#ffffff' btn_color_bg='theme-color' btn_custom_bg='#444444' btn_color_bg_hover='theme-color-highlight' btn_custom_bg_hover='#444444' btn_color_font='theme-color' btn_custom_font='#ffffff' av_uid='av-672f']
[av_buttonrow_item label='Devenir membre' icon_select='yes-right-icon' icon='ue879' font='entypo-fontello' link='manually,/become-member/' link_target='' size='large' label_display='' title_attr='' color_options='' color='light' custom_bg='#444444' custom_font='#ffffff' btn_color_bg='theme-color' btn_custom_bg='#444444' btn_color_bg_hover='theme-color-highlight' btn_custom_bg_hover='#444444' btn_color_font='theme-color' btn_custom_font='#ffffff' av_uid='av-zt6z']
[/av_buttonrow]
[/av_slide]
[/av_slideshow]

[av_hr class='invisible' icon_select='yes' icon='ue808' font='entypo-fontello' position='center' shadow='no-shadow' height='50' custom_border='av-border-thin' custom_width='50px' custom_margin_top='30px' custom_margin_bottom='30px' custom_border_color='' custom_icon_color='' id='' custom_class='' av_uid='av-kike9pj3' admin_preview_bg='']
[/av_section]

[av_section min_height='25' min_height_pc='25' min_height_px='500px' padding='no-padding' custom_margin='0px' custom_margin_sync='true' color='main_color' background='bg_color' custom_bg='' background_gradient_color1='' background_gradient_color2='' background_gradient_direction='vertical' src='http://aeon.blvckpixel.com/wp-content/uploads/2021/01/dot-bg1.jpg' attachment='1710' attachment_size='full' attach='scroll' position='top left' repeat='stretch' video='' video_ratio='16:9' overlay_enable='aviaTBoverlay_enable' overlay_opacity='0.6' overlay_color='#ffffff' overlay_pattern='' overlay_custom_pattern='' shadow='no-border-styling' bottom_border='no-border-styling' bottom_border_diagonal_color='#333333' bottom_border_diagonal_direction='' bottom_border_style='' custom_arrow_bg='' id='pm-homesectors' custom_class='' aria_label='' av_element_hidden_in_editor='0' av_uid='av-kik9wpiq']
[av_hr class='invisible' icon_select='yes' icon='ue808' font='entypo-fontello' position='center' shadow='no-shadow' height='50' custom_border='av-border-thin' custom_width='50px' custom_margin_top='30px' custom_margin_bottom='30px' custom_border_color='' custom_icon_color='' id='' custom_class='' av_uid='av-kike9pj3' admin_preview_bg='']

[av_one_full first min_height='' vertical_alignment='' space='' row_boxshadow='' row_boxshadow_color='' row_boxshadow_width='10' custom_margin='' margin='0px' mobile_breaking='' border='' border_color='' radius='0px' padding='0px' column_boxshadow='' column_boxshadow_color='' column_boxshadow_width='10' background='bg_color' background_color='' background_gradient_color1='' background_gradient_color2='' background_gradient_direction='vertical' src='' background_position='top left' background_repeat='no-repeat' highlight='' highlight_size='' animation='' link='' linktarget='' link_hover='' title_attr='' alt_attr='' mobile_display='' id='' custom_class='' aria_label='' av_uid='av-1vwiuz']

[av_textblock size='' av-medium-font-size='' av-small-font-size='' av-mini-font-size='' font_color='' color='' av-small-hide='aviaTBav-small-hide' av-mini-hide='aviaTBav-mini-hide' id='' custom_class='' av_uid='av-kikb6psv' admin_preview_bg='']
<p style=""text-align: center;"">[theta-carousel id='1719']</p>
[/av_textblock]

[av_gallery ids='347,346,345,344,342,475,343,341,340' style='thumbnails' preview_size='portfolio' crop_big_preview_thumbnail='avia-gallery-big-crop-thumb' thumb_size='no scaling' columns='2' imagelink='custom_link' link_dest='' lightbox_text='caption' lazyload='avia_lazyload' html_lazy_loading='disabled' av-desktop-hide='aviaTBav-desktop-hide' av-medium-hide='aviaTBav-medium-hide' alb_description='' id='' custom_class='' av_uid='av-kin42cvl' admin_preview_bg='']

[/av_one_full]
[/av_section]

[av_section min_height='' min_height_pc='25' min_height_px='500px' padding='default' custom_margin='0px' custom_margin_sync='true' color='main_color' background='bg_color' custom_bg='' background_gradient_color1='' background_gradient_color2='' background_gradient_direction='vertical' src='http://aeon.blvckpixel.com/wp-content/uploads/2021/01/myteknow-bg-1.jpg' attachment='1712' attachment_size='full' attach='fixed' position='top left' repeat='stretch' video='' video_ratio='16:9' overlay_opacity='0.5' overlay_color='' overlay_pattern='' overlay_custom_pattern='' shadow='no-border-styling' bottom_border='no-border-styling' bottom_border_diagonal_color='#333333' bottom_border_diagonal_direction='' bottom_border_style='' custom_arrow_bg='' id='pm-services' custom_class='pm-fullwidth' aria_label='' av_element_hidden_in_editor='0' av_uid='av-kikbodn2']

[av_image src='https://aeon.blvckpixel.com/wp-content/uploads/2021/01/white-border-1.png' attachment='2278' attachment_size='full' copyright='' caption='' styling='' align='center' font_size='' overlay_opacity='0.4' overlay_color='#000000' overlay_text_color='#ffffff' animation='no-animation' hover='' appearance='' link='' target='' title_attr='' alt_attr='' lazy_loading='disabled' id='' custom_class='' av_element_hidden_in_editor='0' av_uid='av-kikbo438' admin_preview_bg=''][/av_image]

[av_one_third first min_height='av-equal-height-column' vertical_alignment='av-align-middle' space='' row_boxshadow_color='' row_boxshadow_width='10' margin='0px' margin_sync='true' mobile_breaking='' border='' border_color='' radius='0px' radius_sync='true' padding='0px' padding_sync='true' column_boxshadow_color='' column_boxshadow_width='10' background='bg_color' background_color='' background_gradient_color1='' background_gradient_color2='' background_gradient_direction='vertical' src='' attachment='' attachment_size='' background_position='top left' background_repeat='no-repeat' highlight_size='1.1' animation='left-to-right' link='' linktarget='' link_hover='' title_attr='' alt_attr='' mobile_display='' id='' custom_class='' aria_label='' av_uid='av-kikct0h0']

[av_heading heading='Actualités' tag='h2' link='' link_target='' style='blockquote modern-quote' size='' subheading_active='subheading_above' subheading_size='' margin='' padding='10' icon_padding='10' color='custom-color-heading' custom_font='#ffffff' icon_color='' show_icon='' icon='ue800' font='' icon_size='' custom_class='' id='' admin_preview_bg='' av-desktop-hide='' av-medium-hide='' av-small-hide='' av-mini-hide='' av-medium-font-size-title='' av-small-font-size-title='' av-mini-font-size-title='' av-medium-font-size='' av-small-font-size='' av-mini-font-size='' av-medium-font-size-1='' av-small-font-size-1='' av-mini-font-size-1='' av_uid='av-5tyz8b']
Rester informé
[/av_heading]

[av_textblock size='' av-medium-font-size='' av-small-font-size='' av-mini-font-size='' font_color='custom' color='rgba(255,255,255,0.6)' id='' custom_class='' av_uid='av-kik4s6u2' admin_preview_bg='']
<div class=""raw_components--panel--3IcXg inspect_panels--inspectionPanel--3Wboz"" tabindex=""-1"">
<div>
<div class=""inspect_panels--copyableRow--2_PiZ inspect_panels--highlightRow--21P9S"">
<div class=""inspect_panels--propertyRowContent--7Y-mu inspect_panels--copyableRow--2_PiZ inspect_panels--highlightRow--21P9S"">
<div class=""inspect_panels--contentProperty--2Z1QI text--fontPos11--RSei3 text--_fontBase--YWDo0 ellipsis--ellipsisAfter8Lines--2rn32 ellipsis--_ellipsisAfterNLines--26JkZ"">Vous venez d'investir dans un véhicule neuf, celui de vos rêves, et vous l'emmenez en voyage à travers le Canada. Vous ne mettez que du gaz dedans et conduisez des visites touristiques et suivez votre nez. Les filtres et les changements d'huile sont ignorés. La voiture tombe en panne au milieu de ce long tronçon de route entre le Manitoba et ...</div>
</div>
</div>
</div>
</div>
[/av_textblock]

[av_hr class='invisible' icon_select='yes' icon='ue808' font='entypo-fontello' position='center' shadow='no-shadow' height='20' custom_border='av-border-thin' custom_width='50px' custom_margin_top='30px' custom_margin_bottom='30px' custom_border_color='' custom_icon_color='' id='' custom_class='' av_uid='av-kikdehhm' admin_preview_bg='']

[av_button label='En savoir plus' icon_select='no' icon='ue800' font='entypo-fontello' link='manually,https://kronos.blvckpixel.com/nouvelles/' link_target='' size='large' position='left' label_display='' title_attr='' color_options='' color='custom' custom_bg='#ffffff' custom_font='#0d3260' btn_color_bg='theme-color' btn_custom_bg='#444444' btn_color_bg_hover='theme-color-highlight' btn_custom_bg_hover='#444444' btn_color_font='theme-color' btn_custom_font='#ffffff' id='' custom_class='' av_uid='av-kikddoen' admin_preview_bg='']

[/av_one_third][av_two_third min_height='' vertical_alignment='av-align-top' space='' row_boxshadow_color='' row_boxshadow_width='10' margin='0px' margin_sync='true' mobile_breaking='' border='' border_color='' radius='0px' radius_sync='true' padding='0' padding_sync='true' column_boxshadow_color='rgba(10,10,10,0.4)' column_boxshadow_width='20' background='bg_color' background_color='' background_gradient_color1='' background_gradient_color2='' background_gradient_direction='vertical' src='' attachment='' attachment_size='' background_position='top left' background_repeat='no-repeat' highlight_size='1.1' animation='' link='' linktarget='' link_hover='' title_attr='' alt_attr='' mobile_display='' id='' custom_class='' aria_label='' av_uid='av-kilew7rd']

[av_masonry_entries post_type='news' link='post_tag,290,282,111,287,283,195,42,43,289,44,106,288,110,109' wc_prod_visible='' wc_prod_hidden='hide' wc_prod_featured='' prod_order_by='' prod_order='' date_filter='' date_filter_start='' date_filter_end='' date_filter_format='yy/mm/dd' sort='no' query_orderby='date' query_order='ASC' caption_elements='title' caption_styling='' caption_display='always' size='fixed' orientation='' gap='large' columns='2' av-medium-columns='' av-small-columns='' av-mini-columns='' items='4' paginate='none' color='' custom_bg='' overlay_fx='active' animation='active' lazy_loading='disabled' id='' custom_class='' av_uid='av-kileifbg']

[/av_two_third][av_hr class='invisible' icon_select='yes' icon='ue808' font='entypo-fontello' position='center' shadow='no-shadow' height='30' custom_border='av-border-thin' custom_width='50px' custom_margin_top='30px' custom_margin_bottom='30px' custom_border_color='' custom_icon_color='' id='' custom_class='' av_uid='av-kilfxt3v' admin_preview_bg='']

[av_two_third first min_height='av-equal-height-column' vertical_alignment='av-align-middle' space='' row_boxshadow_color='' row_boxshadow_width='10' margin='0px' margin_sync='true' mobile_breaking='' border='' border_color='' radius='0px' radius_sync='true' padding='0' padding_sync='true' column_boxshadow_color='rgba(10,10,10,0.4)' column_boxshadow_width='20' background='bg_color' background_color='' background_gradient_color1='' background_gradient_color2='' background_gradient_direction='vertical' src='' attachment='' attachment_size='' background_position='top left' background_repeat='no-repeat' highlight_size='1.1' animation='' link='' linktarget='' link_hover='' title_attr='' alt_attr='' mobile_display='' id='' custom_class='' aria_label='' av_uid='av-kilew7rd']

[av_masonry_entries post_type='event' link='post_tag,290,282,111,287,283,195,42,43,289,44,106,288,110,109' wc_prod_visible='' wc_prod_hidden='hide' wc_prod_featured='' prod_order_by='' prod_order='' date_filter='' date_filter_start='' date_filter_end='' date_filter_format='yy/mm/dd' sort='no' query_orderby='date' query_order='ASC' caption_elements='title' caption_styling='' caption_display='always' size='fixed' orientation='' gap='large' columns='2' av-medium-columns='' av-small-columns='' av-mini-columns='' items='4' paginate='none' color='' custom_bg='' overlay_fx='active' animation='active' lazy_loading='disabled' id='' custom_class='' av_uid='av-kileifbg']

[/av_two_third][av_one_third min_height='av-equal-height-column' vertical_alignment='av-align-middle' space='' row_boxshadow_color='' row_boxshadow_width='10' margin='0px' margin_sync='true' mobile_breaking='' border='' border_color='' radius='0px' radius_sync='true' padding='0px' padding_sync='true' column_boxshadow_color='' column_boxshadow_width='10' background='bg_color' background_color='' background_gradient_color1='' background_gradient_color2='' background_gradient_direction='vertical' src='' attachment='' attachment_size='' background_position='top left' background_repeat='no-repeat' highlight_size='1.1' animation='right-to-left' link='' linktarget='' link_hover='' title_attr='' alt_attr='' mobile_display='' id='' custom_class='' aria_label='' av_uid='av-kikct0h0']

[av_heading heading='Evénements' tag='h2' link='' link_target='' style='blockquote modern-quote' size='' subheading_active='subheading_above' subheading_size='' margin='' padding='10' icon_padding='10' color='custom-color-heading' custom_font='#ffffff' icon_color='' show_icon='' icon='ue800' font='' icon_size='' custom_class='' id='' admin_preview_bg='' av-desktop-hide='' av-medium-hide='' av-small-hide='' av-mini-hide='' av-medium-font-size-title='' av-small-font-size-title='' av-mini-font-size-title='' av-medium-font-size='' av-small-font-size='' av-mini-font-size='' av-medium-font-size-1='' av-small-font-size-1='' av-mini-font-size-1='' av_uid='av-45a9jf']
Être impliqué
[/av_heading]

[av_textblock size='' av-medium-font-size='' av-small-font-size='' av-mini-font-size='' font_color='custom' color='rgba(255,255,255,0.6)' id='' custom_class='' av_uid='av-kik4s6u2' admin_preview_bg='']
<div class=""raw_components--panel--3IcXg inspect_panels--inspectionPanel--3Wboz"" tabindex=""-1"">
<div>
<div class=""inspect_panels--copyableRow--2_PiZ inspect_panels--highlightRow--21P9S"">
<div class=""inspect_panels--propertyRowContent--7Y-mu inspect_panels--copyableRow--2_PiZ inspect_panels--highlightRow--21P9S"">
<div class=""inspect_panels--contentProperty--2Z1QI text--fontPos11--RSei3 text--_fontBase--YWDo0 ellipsis--ellipsisAfter8Lines--2rn32 ellipsis--_ellipsisAfterNLines--26JkZ"">Vous venez d'investir dans un véhicule neuf, celui de vos rêves, et vous l'emmenez en voyage à travers le Canada. Vous ne mettez que du gaz dedans et conduisez des visites touristiques et suivez votre nez. Les filtres et les changements d'huile sont ignorés. La voiture tombe en panne au milieu de ce long tronçon de route entre le Manitoba et ...</div>
</div>
</div>
</div>
</div>
[/av_textblock]

[av_hr class='invisible' icon_select='yes' icon='ue808' font='entypo-fontello' position='center' shadow='no-shadow' height='20' custom_border='av-border-thin' custom_width='50px' custom_margin_top='30px' custom_margin_bottom='30px' custom_border_color='' custom_icon_color='' id='' custom_class='' av_uid='av-kikdehhm' admin_preview_bg='']

[av_button label='En savoir plus' icon_select='no' icon='ue800' font='entypo-fontello' link='manually,https://kronos.blvckpixel.com/events/' link_target='' size='large' position='left' label_display='' title_attr='' color_options='' color='custom' custom_bg='#ffffff' custom_font='#0d3260' btn_color_bg='theme-color' btn_custom_bg='#444444' btn_color_bg_hover='theme-color-highlight' btn_custom_bg_hover='#444444' btn_color_font='theme-color' btn_custom_font='#ffffff' id='' custom_class='' av_uid='av-kikddoen' admin_preview_bg='']

[/av_one_third][av_hr class='invisible' icon_select='yes' icon='ue808' font='entypo-fontello' position='center' shadow='no-shadow' height='30' custom_border='av-border-thin' custom_width='50px' custom_margin_top='30px' custom_margin_bottom='30px' custom_border_color='' custom_icon_color='' id='' custom_class='' av_uid='av-kilfxt3v' admin_preview_bg='']

[av_one_third first min_height='av-equal-height-column' vertical_alignment='av-align-middle' space='' row_boxshadow_color='' row_boxshadow_width='10' margin='0px' margin_sync='true' mobile_breaking='' border='' border_color='' radius='0px' radius_sync='true' padding='0px' padding_sync='true' column_boxshadow_color='' column_boxshadow_width='10' background='bg_color' background_color='' background_gradient_color1='' background_gradient_color2='' background_gradient_direction='vertical' src='' attachment='' attachment_size='' background_position='top left' background_repeat='no-repeat' highlight_size='1.1' animation='left-to-right' link='' linktarget='' link_hover='' title_attr='' alt_attr='' mobile_display='' id='' custom_class='' aria_label='' av_uid='av-kikct0h0']

[av_heading heading='Des articles' tag='h2' link='' link_target='' style='blockquote modern-quote' size='' subheading_active='subheading_above' subheading_size='' margin='' padding='10' icon_padding='10' color='custom-color-heading' custom_font='#ffffff' icon_color='' show_icon='' icon='ue800' font='' icon_size='' custom_class='' id='' admin_preview_bg='' av-desktop-hide='' av-medium-hide='' av-small-hide='' av-mini-hide='' av-medium-font-size-title='' av-small-font-size-title='' av-mini-font-size-title='' av-medium-font-size='' av-small-font-size='' av-mini-font-size='' av-medium-font-size-1='' av-small-font-size-1='' av-mini-font-size-1='' av_uid='av-7e8nf']
Lire la dernière
[/av_heading]

[av_textblock size='' av-medium-font-size='' av-small-font-size='' av-mini-font-size='' font_color='custom' color='rgba(255,255,255,0.6)' id='' custom_class='' av_uid='av-kik4s6u2' admin_preview_bg='']
<div class=""raw_components--panel--3IcXg inspect_panels--inspectionPanel--3Wboz"" tabindex=""-1"">
<div>
<div class=""inspect_panels--copyableRow--2_PiZ inspect_panels--highlightRow--21P9S"">
<div class=""inspect_panels--propertyRowContent--7Y-mu inspect_panels--copyableRow--2_PiZ inspect_panels--highlightRow--21P9S"">
<div class=""inspect_panels--contentProperty--2Z1QI text--fontPos11--RSei3 text--_fontBase--YWDo0 ellipsis--ellipsisAfter8Lines--2rn32 ellipsis--_ellipsisAfterNLines--26JkZ"">Vous venez d'investir dans un véhicule neuf, celui de vos rêves, et vous l'emmenez en voyage à travers le Canada. Vous ne mettez que du gaz dedans et conduisez des visites touristiques et suivez votre nez. Les filtres et les changements d'huile sont ignorés. La voiture tombe en panne au milieu de ce long tronçon de route entre le Manitoba et ...</div>
</div>
</div>
</div>
</div>
[/av_textblock]

[av_hr class='invisible' icon_select='yes' icon='ue808' font='entypo-fontello' position='center' shadow='no-shadow' height='20' custom_border='av-border-thin' custom_width='50px' custom_margin_top='30px' custom_margin_bottom='30px' custom_border_color='' custom_icon_color='' id='' custom_class='' av_uid='av-kikdehhm' admin_preview_bg='']

[av_button label='En savoir plus' icon_select='no' icon='ue800' font='entypo-fontello' link='manually,https://kronos.blvckpixel.com/articles/' link_target='' size='large' position='left' label_display='' title_attr='' color_options='' color='custom' custom_bg='#ffffff' custom_font='#0d3260' btn_color_bg='theme-color' btn_custom_bg='#444444' btn_color_bg_hover='theme-color-highlight' btn_custom_bg_hover='#444444' btn_color_font='theme-color' btn_custom_font='#ffffff' id='' custom_class='' av_uid='av-kikddoen' admin_preview_bg='']

[/av_one_third][av_two_third min_height='' vertical_alignment='av-align-top' space='' row_boxshadow_color='' row_boxshadow_width='10' margin='0px' margin_sync='true' mobile_breaking='' border='' border_color='' radius='0px' radius_sync='true' padding='0' padding_sync='true' column_boxshadow_color='rgba(10,10,10,0.4)' column_boxshadow_width='20' background='bg_color' background_color='' background_gradient_color1='' background_gradient_color2='' background_gradient_direction='vertical' src='' attachment='' attachment_size='' background_position='top left' background_repeat='no-repeat' highlight_size='1.1' animation='' link='' linktarget='' link_hover='' title_attr='' alt_attr='' mobile_display='' id='' custom_class='' aria_label='' av_uid='av-kilew7rd']

[av_masonry_entries post_type='article' link='post_tag,290,282,111,287,283,195,42,43,289,44,106,288,110,109' wc_prod_visible='' wc_prod_hidden='hide' wc_prod_featured='' prod_order_by='' prod_order='' date_filter='' date_filter_start='' date_filter_end='' date_filter_format='yy/mm/dd' sort='no' query_orderby='date' query_order='ASC' caption_elements='title' caption_styling='' caption_display='always' size='fixed' orientation='' gap='large' columns='2' av-medium-columns='' av-small-columns='' av-mini-columns='' items='4' paginate='none' color='' custom_bg='' overlay_fx='active' animation='active' lazy_loading='disabled' id='' custom_class='' av_uid='av-kileifbg']

[/av_two_third][/av_section][av_section min_height='' min_height_pc='25' min_height_px='500px' padding='large' custom_margin='0px' custom_margin_sync='true' color='main_color' background='bg_color' custom_bg='' background_gradient_color1='' background_gradient_color2='' background_gradient_direction='vertical' src='http://13.58.129.79/wp-content/uploads/2020/12/dot-bg2.jpg' attachment='488' attachment_size='full' attach='scroll' position='top right' repeat='stretch' video='' video_ratio='16:9' overlay_enable='aviaTBoverlay_enable' overlay_opacity='0.6' overlay_color='#ffffff' overlay_pattern='' overlay_custom_pattern='' shadow='no-border-styling' bottom_border='no-border-styling' bottom_border_diagonal_color='#333333' bottom_border_diagonal_direction='' bottom_border_style='' custom_arrow_bg='' id='pm-about' custom_class='' aria_label='' av_element_hidden_in_editor='0' av_uid='av-kilh4h4d']
[av_one_fifth first min_height='' vertical_alignment='av-align-top' space='' row_boxshadow_color='' row_boxshadow_width='10' margin='0px' margin_sync='true' mobile_breaking='' border='' border_color='' radius='0px' radius_sync='true' padding='0px' padding_sync='true' column_boxshadow_color='' column_boxshadow_width='10' background='bg_color' background_color='' background_gradient_color1='' background_gradient_color2='' background_gradient_direction='vertical' src='' attachment='' attachment_size='' background_position='top left' background_repeat='no-repeat' highlight_size='1.1' animation='right-to-left' link='' linktarget='' link_hover='' title_attr='' alt_attr='' mobile_display='av-hide-on-mobile' id='' custom_class='' aria_label='' av_uid='av-kilkwlxs']

[/av_one_fifth][av_three_fifth min_height='av-equal-height-column' vertical_alignment='av-align-middle' space='' row_boxshadow_color='' row_boxshadow_width='10' margin='0px' margin_sync='true' mobile_breaking='' border='' border_color='' radius='0px' radius_sync='true' padding='0px' padding_sync='true' column_boxshadow_color='' column_boxshadow_width='10' background='bg_color' background_color='' background_gradient_color1='' background_gradient_color2='' background_gradient_direction='vertical' src='' attachment='' attachment_size='' background_position='top left' background_repeat='no-repeat' highlight_size='1.1' animation='fade-in' link='' linktarget='' link_hover='' title_attr='' alt_attr='' mobile_display='' id='' custom_class='' aria_label='' av_uid='av-kilh6ce2']

[av_heading heading='Qu’est-ce que Myteknow?' tag='h2' style='blockquote modern-quote modern-centered' subheading_active='subheading_above' show_icon='' icon='ue800' font='' size='' av-medium-font-size-title='' av-small-font-size-title='' av-mini-font-size-title='' subheading_size='' av-medium-font-size='' av-small-font-size='' av-mini-font-size='' icon_size='' av-medium-font-size-1='' av-small-font-size-1='' av-mini-font-size-1='' color='' custom_font='' icon_color='' margin='' margin_sync='true' padding='10' icon_padding='10' link='' link_target='' id='' custom_class='' av_uid='av-kjskj3mz' admin_preview_bg='']
Découvrez comment nous pouvons vous aider
[/av_heading]

[av_textblock size='' av-medium-font-size='' av-small-font-size='' av-mini-font-size='' font_color='' color='' id='' custom_class='' av_uid='av-kilh3zf6' admin_preview_bg='']
<p style=""text-align: center;"">Lorem ipsum dolor sit amet, consectetur adipiscing elit. Etiam gravida malesuada ullamcorper. Cras et elit imperdiet, semper purus eu, ullamcorper ipsum. Duis at risus et velit tincidunt efficitur in ac neque.</p>
[/av_textblock]

[av_button label='En savoir plus sur qui nous sommes' icon_select='no' icon='ue800' font='entypo-fontello' link='manually,http://' link_target='' size='large' position='center' label_display='' title_attr='' color_options='' color='custom' custom_bg='#003e7d' custom_font='#ffffff' btn_color_bg='theme-color' btn_custom_bg='#444444' btn_color_bg_hover='theme-color-highlight' btn_custom_bg_hover='#444444' btn_color_font='theme-color' btn_custom_font='#ffffff' id='' custom_class='' av_uid='av-kim57lcr' admin_preview_bg='']

[/av_three_fifth][av_one_fifth min_height='' vertical_alignment='av-align-top' space='' row_boxshadow_color='' row_boxshadow_width='10' margin='0px' margin_sync='true' mobile_breaking='' border='' border_color='' radius='0px' radius_sync='true' padding='0px' padding_sync='true' column_boxshadow_color='' column_boxshadow_width='10' background='bg_color' background_color='' background_gradient_color1='' background_gradient_color2='' background_gradient_direction='vertical' src='' attachment='' attachment_size='' background_position='top left' background_repeat='no-repeat' highlight_size='1.1' animation='right-to-left' link='' linktarget='' link_hover='' title_attr='' alt_attr='' mobile_display='av-hide-on-mobile' id='' custom_class='' aria_label='' av_uid='av-kilkwlxs']

[/av_one_fifth][av_hr class='invisible' icon_select='yes' icon='ue808' font='entypo-fontello' position='center' shadow='no-shadow' height='30' custom_border='av-border-thin' custom_width='50px' custom_margin_top='30px' custom_margin_bottom='30px' custom_border_color='' custom_icon_color='' id='' custom_class='' av_uid='av-kilh8lon' admin_preview_bg='']

[av_partner heading='' type='grid' navigation='arrows' size='no scaling' img_size_behave='' border='av-border-deactivate' columns='6' heading_tag='' heading_class='' animation='slide' autoplay='false' interval='5' lazy_loading='disabled' el_id='' custom_class='' av_uid='av-kikbivbt']
[av_partner_logo id='1736' hover='' link='' linktitle='' link_target='' av_uid='av-b84v17']
[av_partner_logo id='1738' hover='' link='' linktitle='' link_target='' av_uid='av-8q7z97']
[av_partner_logo id='1739' hover='' link='' linktitle='' link_target='' av_uid='av-6uc4uz']
[av_partner_logo id='1740' hover='' link='' linktitle='' link_target='' av_uid='av-62a6u3']
[av_partner_logo id='1742' hover='' link='' linktitle='' link_target='' av_uid='av-3z82ln']
[av_partner_logo id='1743' hover='' link='' linktitle='' link_target='' av_uid='av-23sawr']
[/av_partner]
[/av_section]

",,,,,,,,,,,,,,,,,,,,,,,,default,,,60,,,,,,,"header_transparent header_glassy ",0,,,,,,,,,,,,,,,,,,,,,,"Gagandeep Singh Ahuja",,,,,,,,,,,,,,,,,"a:8:{s:26:""_um_custom_access_settings"";s:1:""0"";s:14:""_um_accessible"";s:1:""0"";s:19:""_um_noaccess_action"";s:1:""0"";s:30:""_um_restrict_by_custom_message"";s:1:""0"";s:27:""_um_restrict_custom_message"";s:0:"""";s:19:""_um_access_redirect"";s:1:""0"";s:23:""_um_access_redirect_url"";s:0:"""";s:28:""_um_access_hide_from_queries"";s:1:""0"";}",,,https://kronos.blvckpixel.com/wp-content/uploads/2021/01/white-border-1.png||https://kronos.blvckpixel.com/wp-content/uploads/2021/01/teknow-overlay.png||https://kronos.blvckpixel.com/wp-content/uploads/2021/01/research-software.png||https://kronos.blvckpixel.com/wp-content/uploads/2021/01/6-1.png||https://kronos.blvckpixel.com/wp-content/uploads/2021/01/5-1.png||https://kronos.blvckpixel.com/wp-content/uploads/2021/01/4-1.png||https://kronos.blvckpixel.com/wp-content/uploads/2021/01/3-1.png||https://kronos.blvckpixel.com/wp-content/uploads/2021/01/2-1.png||https://kronos.blvckpixel.com/wp-content/uploads/2021/01/1-1.png||https://kronos.blvckpixel.com/wp-content/uploads/2021/01/myteknow-bg-1.jpg||https://kronos.blvckpixel.com/wp-content/uploads/2021/01/dot-bg1.jpg,white-border-1.png||teknow-overlay.png||research-software.png||6-1.png||5-1.png||4-1.png||3-1.png||2-1.png||1-1.png||myteknow-bg-1.jpg||dot-bg1.jpg,/var/www/html/wp-content/uploads/2021/01/white-border-1.png||/var/www/html/wp-content/uploads/2021/01/teknow-overlay.png||/var/www/html/wp-content/uploads/2021/01/research-software.png||/var/www/html/wp-content/uploads/2021/01/6-1.png||/var/www/html/wp-content/uploads/2021/01/5-1.png||/var/www/html/wp-content/uploads/2021/01/4-1.png||/var/www/html/wp-content/uploads/2021/01/3-1.png||/var/www/html/wp-content/uploads/2021/01/2-1.png||/var/www/html/wp-content/uploads/2021/01/1-1.png||/var/www/html/wp-content/uploads/2021/01/myteknow-bg-1.jpg||/var/www/html/wp-content/uploads/2021/01/dot-bg1.jpg,2278||2268||1907||1743||1742||1740||1739||1738||1736||1712||1710,white-border||teknow-overlay||research-software||6||5||4||3||2||1||myteknow-bg||dot-bg1,,,,,,,,,,,,publish,87,david,dcourtaigne@teknowlogy.com,David,COURTAIGNE,homepage-2,,default,0,0,0,closed,closed,"14 January 2021"
